feature_source,method,k,k_effective,metric,val_mae,n_components_requested,n_components_used,l2_normalize,scaler_mean_shape,val_balanced_accuracy,bandwidth_scale,bandwidth,bw_method
raw_pca,age_knn,1.0,1.0,euclidean,15.00514726908779,50,50,False,[12288],,,,
raw_pca,age_knn,1.0,1.0,cosine,14.67343437231913,50,50,False,[12288],,,,
raw_pca,age_knn,3.0,3.0,euclidean,12.40477470550836,50,50,False,[12288],,,,
raw_pca,age_knn,3.0,3.0,cosine,12.129604645364243,50,50,False,[12288],,,,
raw_pca,age_knn,5.0,5.0,euclidean,12.105206977638666,50,50,False,[12288],,,,
raw_pca,age_knn,5.0,5.0,cosine,11.683701879907453,50,50,False,[12288],,,,
raw_pca,age_knn,10.0,10.0,euclidean,11.915730850763012,50,50,False,[12288],,,,
raw_pca,age_knn,10.0,10.0,cosine,11.285060755188146,50,50,False,[12288],,,,
raw_pca,age_knn,20.0,20.0,euclidean,11.988690476730659,50,50,False,[12288],,,,
raw_pca,age_knn,20.0,20.0,cosine,11.28117961478694,50,50,False,[12288],,,,
raw_pca,age_knn,50.0,50.0,euclidean,12.319403346896776,50,50,False,[12288],,,,
raw_pca,age_knn,50.0,50.0,cosine,11.488692897647425,50,50,False,[12288],,,,
raw_pca,age_knn,1.0,1.0,euclidean,14.67343437231913,50,50,True,[12288],,,,
raw_pca,age_knn,1.0,1.0,cosine,14.67343437231913,50,50,True,[12288],,,,
raw_pca,age_knn,3.0,3.0,euclidean,12.152924750506013,50,50,True,[12288],,,,
raw_pca,age_knn,3.0,3.0,cosine,12.129604619075765,50,50,True,[12288],,,,
raw_pca,age_knn,5.0,5.0,euclidean,11.749732118318033,50,50,True,[12288],,,,
raw_pca,age_knn,5.0,5.0,cosine,11.683701657867099,50,50,True,[12288],,,,
raw_pca,age_knn,10.0,10.0,euclidean,11.364700827632861,50,50,True,[12288],,,,
raw_pca,age_knn,10.0,10.0,cosine,11.28506049381978,50,50,True,[12288],,,,
raw_pca,age_knn,20.0,20.0,euclidean,11.411857851680052,50,50,True,[12288],,,,
raw_pca,age_knn,20.0,20.0,cosine,11.281179227988561,50,50,True,[12288],,,,
raw_pca,age_knn,50.0,50.0,euclidean,11.672026912225613,50,50,True,[12288],,,,
raw_pca,age_knn,50.0,50.0,cosine,11.48869183629373,50,50,True,[12288],,,,
raw_pca,age_knn,1.0,1.0,euclidean,14.974549613954819,100,100,False,[12288],,,,
raw_pca,age_knn,1.0,1.0,cosine,14.39662567915356,100,100,False,[12288],,,,
raw_pca,age_knn,3.0,3.0,euclidean,12.318691358168891,100,100,False,[12288],,,,
raw_pca,age_knn,3.0,3.0,cosine,12.008799714223729,100,100,False,[12288],,,,
raw_pca,age_knn,5.0,5.0,euclidean,11.871877559123712,100,100,False,[12288],,,,
raw_pca,age_knn,5.0,5.0,cosine,11.446477511920126,100,100,False,[12288],,,,
raw_pca,age_knn,10.0,10.0,euclidean,11.86230894180544,100,100,False,[12288],,,,
raw_pca,age_knn,10.0,10.0,cosine,11.160002065189493,100,100,False,[12288],,,,
raw_pca,age_knn,20.0,20.0,euclidean,11.936675366757038,100,100,False,[12288],,,,
raw_pca,age_knn,20.0,20.0,cosine,11.221269268796823,100,100,False,[12288],,,,
raw_pca,age_knn,50.0,50.0,euclidean,12.333339129453083,100,100,False,[12288],,,,
raw_pca,age_knn,50.0,50.0,cosine,11.44705736989437,100,100,False,[12288],,,,
raw_pca,age_knn,1.0,1.0,euclidean,14.39662567915356,100,100,True,[12288],,,,
raw_pca,age_knn,1.0,1.0,cosine,14.39662567915356,100,100,True,[12288],,,,
raw_pca,age_knn,3.0,3.0,euclidean,12.040387011577456,100,100,True,[12288],,,,
raw_pca,age_knn,3.0,3.0,cosine,12.008799623254049,100,100,True,[12288],,,,
raw_pca,age_knn,5.0,5.0,euclidean,11.502360435844622,100,100,True,[12288],,,,
raw_pca,age_knn,5.0,5.0,cosine,11.446477262610179,100,100,True,[12288],,,,
raw_pca,age_knn,10.0,10.0,euclidean,11.248562922044982,100,100,True,[12288],,,,
raw_pca,age_knn,10.0,10.0,cosine,11.160001655151829,100,100,True,[12288],,,,
raw_pca,age_knn,20.0,20.0,euclidean,11.35536660810781,100,100,True,[12288],,,,
raw_pca,age_knn,20.0,20.0,cosine,11.221268432177109,100,100,True,[12288],,,,
raw_pca,age_knn,50.0,50.0,euclidean,11.627172129007542,100,100,True,[12288],,,,
raw_pca,age_knn,50.0,50.0,cosine,11.447055522831786,100,100,True,[12288],,,,
raw_pca,age_knn,1.0,1.0,euclidean,14.774663997712326,200,200,False,[12288],,,,
raw_pca,age_knn,1.0,1.0,cosine,14.334858450100086,200,200,False,[12288],,,,
raw_pca,age_knn,3.0,3.0,euclidean,12.297824085201297,200,200,False,[12288],,,,
raw_pca,age_knn,3.0,3.0,cosine,11.99057077140985,200,200,False,[12288],,,,
raw_pca,age_knn,5.0,5.0,euclidean,11.950882988316494,200,200,False,[12288],,,,
raw_pca,age_knn,5.0,5.0,cosine,11.379897845511358,200,200,False,[12288],,,,
raw_pca,age_knn,10.0,10.0,euclidean,11.84218909682625,200,200,False,[12288],,,,
raw_pca,age_knn,10.0,10.0,cosine,11.197803396264256,200,200,False,[12288],,,,
raw_pca,age_knn,20.0,20.0,euclidean,11.949164144562456,200,200,False,[12288],,,,
raw_pca,age_knn,20.0,20.0,cosine,11.193563132832496,200,200,False,[12288],,,,
raw_pca,age_knn,50.0,50.0,euclidean,12.324426529992717,200,200,False,[12288],,,,
raw_pca,age_knn,50.0,50.0,cosine,11.44257165955391,200,200,False,[12288],,,,
raw_pca,age_knn,1.0,1.0,euclidean,14.334858450100086,200,200,True,[12288],,,,
raw_pca,age_knn,1.0,1.0,cosine,14.334858450100086,200,200,True,[12288],,,,
raw_pca,age_knn,3.0,3.0,euclidean,12.022908737875959,200,200,True,[12288],,,,
raw_pca,age_knn,3.0,3.0,cosine,11.990570657397297,200,200,True,[12288],,,,
raw_pca,age_knn,5.0,5.0,euclidean,11.44053803864498,200,200,True,[12288],,,,
raw_pca,age_knn,5.0,5.0,cosine,11.379897788251636,200,200,True,[12288],,,,
raw_pca,age_knn,10.0,10.0,euclidean,11.292764288057056,200,200,True,[12288],,,,
raw_pca,age_knn,10.0,10.0,cosine,11.19780331343523,200,200,True,[12288],,,,
raw_pca,age_knn,20.0,20.0,euclidean,11.326860294370533,200,200,True,[12288],,,,
raw_pca,age_knn,20.0,20.0,cosine,11.193563202614012,200,200,True,[12288],,,,
raw_pca,age_knn,50.0,50.0,euclidean,11.62023850330178,200,200,True,[12288],,,,
raw_pca,age_knn,50.0,50.0,cosine,11.442571620504468,200,200,True,[12288],,,,
raw_pca,gender_knn,1.0,1.0,euclidean,,50,50,False,[12288],0.7020423027351765,,,
raw_pca,gender_knn,1.0,1.0,cosine,,50,50,False,[12288],0.702596424773795,,,
raw_pca,gender_knn,3.0,3.0,euclidean,,50,50,False,[12288],0.725128098723864,,,
raw_pca,gender_knn,3.0,3.0,cosine,,50,50,False,[12288],0.7311042909794636,,,
raw_pca,gender_knn,5.0,5.0,euclidean,,50,50,False,[12288],0.7359025846572604,,,
raw_pca,gender_knn,5.0,5.0,cosine,,50,50,False,[12288],0.7388737998119821,,,
raw_pca,gender_knn,10.0,10.0,euclidean,,50,50,False,[12288],0.7528686181727118,,,
raw_pca,gender_knn,10.0,10.0,cosine,,50,50,False,[12288],0.7463509236350667,,,
raw_pca,gender_knn,20.0,20.0,euclidean,,50,50,False,[12288],0.7527556959353239,,,
raw_pca,gender_knn,20.0,20.0,cosine,,50,50,False,[12288],0.7445259757202439,,,
raw_pca,gender_knn,50.0,50.0,euclidean,,50,50,False,[12288],0.7414080763819781,,,
raw_pca,gender_knn,50.0,50.0,cosine,,50,50,False,[12288],0.7396147598050591,,,
raw_pca,gender_knn,1.0,1.0,euclidean,,50,50,True,[12288],0.702596424773795,,,
raw_pca,gender_knn,1.0,1.0,cosine,,50,50,True,[12288],0.702596424773795,,,
raw_pca,gender_knn,3.0,3.0,euclidean,,50,50,True,[12288],0.7299316369758212,,,
raw_pca,gender_knn,3.0,3.0,cosine,,50,50,True,[12288],0.7311042909794636,,,
raw_pca,gender_knn,5.0,5.0,euclidean,,50,50,True,[12288],0.7385740396201355,,,
raw_pca,gender_knn,5.0,5.0,cosine,,50,50,True,[12288],0.7388737998119821,,,
raw_pca,gender_knn,10.0,10.0,euclidean,,50,50,True,[12288],0.7445787492477314,,,
raw_pca,gender_knn,10.0,10.0,cosine,,50,50,True,[12288],0.7463509236350667,,,
raw_pca,gender_knn,20.0,20.0,euclidean,,50,50,True,[12288],0.7430271747610113,,,
raw_pca,gender_knn,20.0,20.0,cosine,,50,50,True,[12288],0.7445259757202439,,,
raw_pca,gender_knn,50.0,50.0,euclidean,,50,50,True,[12288],0.7369433048421842,,,
raw_pca,gender_knn,50.0,50.0,cosine,,50,50,True,[12288],0.7396147598050591,,,
raw_pca,gender_knn,1.0,1.0,euclidean,,100,100,False,[12288],0.7165986183169375,,,
raw_pca,gender_knn,1.0,1.0,cosine,,100,100,False,[12288],0.7150639248032957,,,
raw_pca,gender_knn,3.0,3.0,euclidean,,100,100,False,[12288],0.7369601858152626,,,
raw_pca,gender_knn,3.0,3.0,cosine,,100,100,False,[12288],0.7328236918393115,,,
raw_pca,gender_knn,5.0,5.0,euclidean,,100,100,False,[12288],0.7499575517278905,,,
raw_pca,gender_knn,5.0,5.0,cosine,,100,100,False,[12288],0.7512790205233298,,,
raw_pca,gender_knn,10.0,10.0,euclidean,,100,100,False,[12288],0.7583793544715896,,,
raw_pca,gender_knn,10.0,10.0,cosine,,100,100,False,[12288],0.7552381823354876,,,
raw_pca,gender_knn,20.0,20.0,euclidean,,100,100,False,[12288],0.7577724589054835,,,
raw_pca,gender_knn,20.0,20.0,cosine,,100,100,False,[12288],0.7544106868687663,,,
raw_pca,gender_knn,50.0,50.0,euclidean,,100,100,False,[12288],0.7471225316083929,,,
raw_pca,gender_knn,50.0,50.0,cosine,,100,100,False,[12288],0.7455930826689113,,,
raw_pca,gender_knn,1.0,1.0,euclidean,,100,100,True,[12288],0.7150639248032957,,,
raw_pca,gender_knn,1.0,1.0,cosine,,100,100,True,[12288],0.7150639248032957,,,
raw_pca,gender_knn,3.0,3.0,euclidean,,100,100,True,[12288],0.7313776644075664,,,
raw_pca,gender_knn,3.0,3.0,cosine,,100,100,True,[12288],0.7328236918393115,,,
raw_pca,gender_knn,5.0,5.0,euclidean,,100,100,True,[12288],0.7510056470952271,,,
raw_pca,gender_knn,5.0,5.0,cosine,,100,100,True,[12288],0.7512790205233298,,,
raw_pca,gender_knn,10.0,10.0,euclidean,,100,100,True,[12288],0.7552381823354876,,,
raw_pca,gender_knn,10.0,10.0,cosine,,100,100,True,[12288],0.7552381823354876,,,
raw_pca,gender_knn,20.0,20.0,euclidean,,100,100,True,[12288],0.7521445391527128,,,
raw_pca,gender_knn,20.0,20.0,cosine,,100,100,True,[12288],0.7544106868687663,,,
raw_pca,gender_knn,50.0,50.0,euclidean,,100,100,True,[12288],0.7426218675141898,,,
raw_pca,gender_knn,50.0,50.0,cosine,,100,100,True,[12288],0.7455930826689113,,,
raw_pca,gender_knn,1.0,1.0,euclidean,,200,200,False,[12288],0.7209462064028384,,,
raw_pca,gender_knn,1.0,1.0,cosine,,200,200,False,[12288],0.7163252448888346,,,
raw_pca,gender_knn,3.0,3.0,euclidean,,200,200,False,[12288],0.7376747590445959,,,
raw_pca,gender_knn,3.0,3.0,cosine,,200,200,False,[12288],0.7344111588804407,,,
raw_pca,gender_knn,5.0,5.0,euclidean,,200,200,False,[12288],0.7516146732695855,,,
raw_pca,gender_knn,5.0,5.0,cosine,,200,200,False,[12288],0.7510848073864582,,,
raw_pca,gender_knn,10.0,10.0,euclidean,,200,200,False,[12288],0.7547368338243565,,,
raw_pca,gender_knn,10.0,10.0,cosine,,200,200,False,[12288],0.7549120353798973,,,
raw_pca,gender_knn,20.0,20.0,euclidean,,200,200,False,[12288],0.7502953350823989,,,
raw_pca,gender_knn,20.0,20.0,cosine,,200,200,False,[12288],0.752329246498919,,,
raw_pca,gender_knn,50.0,50.0,euclidean,,200,200,False,[12288],0.7493359057969589,,,
raw_pca,gender_knn,50.0,50.0,cosine,,200,200,False,[12288],0.7443676551377816,,,
raw_pca,gender_knn,1.0,1.0,euclidean,,200,200,True,[12288],0.7163252448888346,,,
raw_pca,gender_knn,1.0,1.0,cosine,,200,200,True,[12288],0.7163252448888346,,,
raw_pca,gender_knn,3.0,3.0,euclidean,,200,200,True,[12288],0.7338116384967477,,,
raw_pca,gender_knn,3.0,3.0,cosine,,200,200,True,[12288],0.7344111588804407,,,
raw_pca,gender_knn,5.0,5.0,euclidean,,200,200,True,[12288],0.7504852870027652,,,
raw_pca,gender_knn,5.0,5.0,cosine,,200,200,True,[12288],0.7510848073864582,,,
raw_pca,gender_knn,10.0,10.0,euclidean,,200,200,True,[12288],0.7546386619517945,,,
raw_pca,gender_knn,10.0,10.0,cosine,,200,200,True,[12288],0.7549120353798973,,,
raw_pca,gender_knn,20.0,20.0,euclidean,,200,200,True,[12288],0.7526026199270217,,,
raw_pca,gender_knn,20.0,20.0,cosine,,200,200,True,[12288],0.752329246498919,,,
raw_pca,gender_knn,50.0,50.0,euclidean,,200,200,True,[12288],0.7414228267468037,,,
raw_pca,gender_knn,50.0,50.0,cosine,,200,200,True,[12288],0.7443676551377816,,,
raw_pca,age_kernel,,,,14.095988020349703,50,50,False,[12288],,0.25,34.714795367420095,
raw_pca,age_kernel,,,,14.872832602763221,50,50,False,[12288],,0.5,69.42959073484019,
raw_pca,age_kernel,,,,15.03730808679087,50,50,False,[12288],,1.0,138.85918146968038,
raw_pca,age_kernel,,,,15.064246450927756,50,50,False,[12288],,2.0,277.71836293936076,
raw_pca,age_kernel,,,,15.069448301460996,50,50,False,[12288],,4.0,555.4367258787215,
raw_pca,age_kernel,,,,13.613018140260376,50,50,True,[12288],,0.25,0.35411008015890766,
raw_pca,age_kernel,,,,14.64322778362318,50,50,True,[12288],,0.5,0.7082201603178153,
raw_pca,age_kernel,,,,14.966432440801634,50,50,True,[12288],,1.0,1.4164403206356306,
raw_pca,age_kernel,,,,15.045550686255934,50,50,True,[12288],,2.0,2.8328806412712613,
raw_pca,age_kernel,,,,15.064622209825272,50,50,True,[12288],,4.0,5.6657612825425225,
raw_pca,age_kernel,,,,14.160582695329985,100,100,False,[12288],,0.25,35.81036198129898,
raw_pca,age_kernel,,,,14.897007905429097,100,100,False,[12288],,0.5,71.62072396259796,
raw_pca,age_kernel,,,,15.042177140690391,100,100,False,[12288],,1.0,143.24144792519593,
raw_pca,age_kernel,,,,15.065292349638144,100,100,False,[12288],,2.0,286.48289585039186,
raw_pca,age_kernel,,,,15.06968589056067,100,100,False,[12288],,4.0,572.9657917007837,
raw_pca,age_kernel,,,,13.629506228518409,100,100,True,[12288],,0.25,0.35411485307103224,
raw_pca,age_kernel,,,,14.661307881713828,100,100,True,[12288],,0.5,0.7082297061420645,
raw_pca,age_kernel,,,,14.971888254428658,100,100,True,[12288],,1.0,1.416459412284129,
raw_pca,age_kernel,,,,15.046927254004538,100,100,True,[12288],,2.0,2.832918824568258,
raw_pca,age_kernel,,,,15.064963918359343,100,100,True,[12288],,4.0,5.665837649136516,
raw_pca,age_kernel,,,,14.194347936957893,200,200,False,[12288],,0.25,36.58730841463577,
raw_pca,age_kernel,,,,14.908458132300101,200,200,False,[12288],,0.5,73.17461682927154,
raw_pca,age_kernel,,,,15.044224759032064,200,200,False,[12288],,1.0,146.34923365854308,
raw_pca,age_kernel,,,,15.0657013022506,200,200,False,[12288],,2.0,292.69846731708617,
raw_pca,age_kernel,,,,15.069772229055946,200,200,False,[12288],,4.0,585.3969346341723,
raw_pca,age_kernel,,,,13.645208819432366,200,200,True,[12288],,0.25,0.35408835013919515,
raw_pca,age_kernel,,,,14.673646856094116,200,200,True,[12288],,0.5,0.7081767002783903,
raw_pca,age_kernel,,,,14.975603867696316,200,200,True,[12288],,1.0,1.4163534005567806,
raw_pca,age_kernel,,,,15.047865956558194,200,200,True,[12288],,2.0,2.832706801113561,
raw_pca,age_kernel,,,,15.065197317197217,200,200,True,[12288],,4.0,5.665413602227122,
raw_pca,gender_kernel,,,,,50,50,False,[12288],0.7878804119088545,,,0.5
raw_pca,gender_kernel,,,,,50,50,False,[12288],0.7988628779862933,,,1.0
raw_pca,gender_kernel,,,,,50,50,False,[12288],0.7442791529488273,,,2.0
raw_pca,gender_kernel,,,,,50,50,False,[12288],0.7974769992644485,,,scott
raw_pca,gender_kernel,,,,,50,50,False,[12288],0.794549051846549,,,silverman
raw_pca,gender_kernel,,,,,50,50,True,[12288],0.7865684489040807,,,0.5
raw_pca,gender_kernel,,,,,50,50,True,[12288],0.8021749904614308,,,1.0
raw_pca,gender_kernel,,,,,50,50,True,[12288],0.8051008072710777,,,2.0
raw_pca,gender_kernel,,,,,50,50,True,[12288],0.7924053321585487,,,scott
raw_pca,gender_kernel,,,,,50,50,True,[12288],0.7912590649186502,,,silverman
raw_pca,gender_kernel,,,,,100,100,False,[12288],0.8122444089561593,,,0.5
raw_pca,gender_kernel,,,,,100,100,False,[12288],0.81504042255534,,,1.0
raw_pca,gender_kernel,,,,,100,100,False,[12288],0.8023682202406472,,,2.0
raw_pca,gender_kernel,,,,,100,100,False,[12288],0.8133474084592358,,,scott
raw_pca,gender_kernel,,,,,100,100,False,[12288],0.8133737952229796,,,silverman
raw_pca,gender_kernel,,,,,100,100,True,[12288],0.8016325048217303,,,0.5
raw_pca,gender_kernel,,,,,100,100,True,[12288],0.8145633301997003,,,1.0
raw_pca,gender_kernel,,,,,100,100,True,[12288],0.8158910269269548,,,2.0
raw_pca,gender_kernel,,,,,100,100,True,[12288],0.8126951145480554,,,scott
raw_pca,gender_kernel,,,,,100,100,True,[12288],0.8102706462495395,,,silverman
raw_pca,gender_kernel,,,,,200,200,False,[12288],0.8260714009437611,,,0.5
raw_pca,gender_kernel,,,,,200,200,False,[12288],0.8298796173558692,,,1.0
raw_pca,gender_kernel,,,,,200,200,False,[12288],0.8429254955794796,,,2.0
raw_pca,gender_kernel,,,,,200,200,False,[12288],0.8289803367803297,,,scott
raw_pca,gender_kernel,,,,,200,200,False,[12288],0.8286805765884832,,,silverman
raw_pca,gender_kernel,,,,,200,200,True,[12288],0.8089175461161962,,,0.5
raw_pca,gender_kernel,,,,,200,200,True,[12288],0.823716587145811,,,1.0
raw_pca,gender_kernel,,,,,200,200,True,[12288],0.7910868134360745,,,2.0
raw_pca,gender_kernel,,,,,200,200,True,[12288],0.8220066920766285,,,scott
raw_pca,gender_kernel,,,,,200,200,True,[12288],0.8213016246379605,,,silverman
frozen_backbone,age_knn,1.0,1.0,euclidean,12.86416928796111,10,10,False,[512],,,,
frozen_backbone,age_knn,1.0,1.0,cosine,13.00514726908779,10,10,False,[512],,,,
frozen_backbone,age_knn,3.0,3.0,euclidean,10.745557428168174,10,10,False,[512],,,,
frozen_backbone,age_knn,3.0,3.0,cosine,10.81137008370581,10,10,False,[512],,,,
frozen_backbone,age_knn,5.0,5.0,euclidean,10.285461940811357,10,10,False,[512],,,,
frozen_backbone,age_knn,5.0,5.0,cosine,10.384835565729073,10,10,False,[512],,,,
frozen_backbone,age_knn,10.0,10.0,euclidean,9.893097632471811,10,10,False,[512],,,,
frozen_backbone,age_knn,10.0,10.0,cosine,9.955009256622548,10,10,False,[512],,,,
frozen_backbone,age_knn,20.0,20.0,euclidean,9.735645580823192,10,10,False,[512],,,,
frozen_backbone,age_knn,20.0,20.0,cosine,9.77744305026846,10,10,False,[512],,,,
frozen_backbone,age_knn,50.0,50.0,euclidean,9.77150314908623,10,10,False,[512],,,,
frozen_backbone,age_knn,50.0,50.0,cosine,9.658740452611223,10,10,False,[512],,,,
frozen_backbone,age_knn,1.0,1.0,euclidean,13.00514726908779,10,10,True,[512],,,,
frozen_backbone,age_knn,1.0,1.0,cosine,13.00514726908779,10,10,True,[512],,,,
frozen_backbone,age_knn,3.0,3.0,euclidean,10.775802167999903,10,10,True,[512],,,,
frozen_backbone,age_knn,3.0,3.0,cosine,10.81137031440644,10,10,True,[512],,,,
frozen_backbone,age_knn,5.0,5.0,euclidean,10.360928597851302,10,10,True,[512],,,,
frozen_backbone,age_knn,5.0,5.0,cosine,10.384835774553494,10,10,True,[512],,,,
frozen_backbone,age_knn,10.0,10.0,euclidean,9.955048148382168,10,10,True,[512],,,,
frozen_backbone,age_knn,10.0,10.0,cosine,9.955009390781331,10,10,True,[512],,,,
frozen_backbone,age_knn,20.0,20.0,euclidean,9.781261996612288,10,10,True,[512],,,,
frozen_backbone,age_knn,20.0,20.0,cosine,9.777443195895595,10,10,True,[512],,,,
frozen_backbone,age_knn,50.0,50.0,euclidean,9.670814449527064,10,10,True,[512],,,,
frozen_backbone,age_knn,50.0,50.0,cosine,9.658740478770165,10,10,True,[512],,,,
frozen_backbone,age_knn,1.0,1.0,euclidean,12.062625107234773,25,25,False,[512],,,,
frozen_backbone,age_knn,1.0,1.0,cosine,12.026880183014011,25,25,False,[512],,,,
frozen_backbone,age_knn,3.0,3.0,euclidean,9.92119028743197,25,25,False,[512],,,,
frozen_backbone,age_knn,3.0,3.0,cosine,9.895780825574395,25,25,False,[512],,,,
frozen_backbone,age_knn,5.0,5.0,euclidean,9.50334395634654,25,25,False,[512],,,,
frozen_backbone,age_knn,5.0,5.0,cosine,9.520876408359813,25,25,False,[512],,,,
frozen_backbone,age_knn,10.0,10.0,euclidean,9.342138783141166,25,25,False,[512],,,,
frozen_backbone,age_knn,10.0,10.0,cosine,9.127239146069916,25,25,False,[512],,,,
frozen_backbone,age_knn,20.0,20.0,euclidean,9.19885335128868,25,25,False,[512],,,,
frozen_backbone,age_knn,20.0,20.0,cosine,9.02258050019039,25,25,False,[512],,,,
frozen_backbone,age_knn,50.0,50.0,euclidean,9.281136838205658,25,25,False,[512],,,,
frozen_backbone,age_knn,50.0,50.0,cosine,9.054115735739083,25,25,False,[512],,,,
frozen_backbone,age_knn,1.0,1.0,euclidean,12.026880183014011,25,25,True,[512],,,,
frozen_backbone,age_knn,1.0,1.0,cosine,12.026880183014011,25,25,True,[512],,,,
frozen_backbone,age_knn,3.0,3.0,euclidean,9.91725795482536,25,25,True,[512],,,,
frozen_backbone,age_knn,3.0,3.0,cosine,9.895780764139777,25,25,True,[512],,,,
frozen_backbone,age_knn,5.0,5.0,euclidean,9.54955705273864,25,25,True,[512],,,,
frozen_backbone,age_knn,5.0,5.0,cosine,9.520876300255287,25,25,True,[512],,,,
frozen_backbone,age_knn,10.0,10.0,euclidean,9.157184701512492,25,25,True,[512],,,,
frozen_backbone,age_knn,10.0,10.0,cosine,9.127239142156542,25,25,True,[512],,,,
frozen_backbone,age_knn,20.0,20.0,euclidean,9.049771942858449,25,25,True,[512],,,,
frozen_backbone,age_knn,20.0,20.0,cosine,9.022580437167518,25,25,True,[512],,,,
frozen_backbone,age_knn,50.0,50.0,euclidean,9.080977885841085,25,25,True,[512],,,,
frozen_backbone,age_knn,50.0,50.0,cosine,9.054115672227983,25,25,True,[512],,,,
frozen_backbone,age_knn,1.0,1.0,euclidean,11.509293680297398,50,50,False,[512],,,,
frozen_backbone,age_knn,1.0,1.0,cosine,11.623963397197597,50,50,False,[512],,,,
frozen_backbone,age_knn,3.0,3.0,euclidean,9.842298879351876,50,50,False,[512],,,,
frozen_backbone,age_knn,3.0,3.0,cosine,9.544316752794447,50,50,False,[512],,,,
frozen_backbone,age_knn,5.0,5.0,euclidean,9.338164854024948,50,50,False,[512],,,,
frozen_backbone,age_knn,5.0,5.0,cosine,9.148334507178006,50,50,False,[512],,,,
frozen_backbone,age_knn,10.0,10.0,euclidean,9.181388216868275,50,50,False,[512],,,,
frozen_backbone,age_knn,10.0,10.0,cosine,8.894464101701947,50,50,False,[512],,,,
frozen_backbone,age_knn,20.0,20.0,euclidean,9.094233542225371,50,50,False,[512],,,,
frozen_backbone,age_knn,20.0,20.0,cosine,8.888178118162285,50,50,False,[512],,,,
frozen_backbone,age_knn,50.0,50.0,euclidean,9.245338820697535,50,50,False,[512],,,,
frozen_backbone,age_knn,50.0,50.0,cosine,8.943202832554366,50,50,False,[512],,,,
frozen_backbone,age_knn,1.0,1.0,euclidean,11.623963397197597,50,50,True,[512],,,,
frozen_backbone,age_knn,1.0,1.0,cosine,11.623963397197597,50,50,True,[512],,,,
frozen_backbone,age_knn,3.0,3.0,euclidean,9.565406429425423,50,50,True,[512],,,,
frozen_backbone,age_knn,3.0,3.0,cosine,9.544316713353837,50,50,True,[512],,,,
frozen_backbone,age_knn,5.0,5.0,euclidean,9.174867983461136,50,50,True,[512],,,,
frozen_backbone,age_knn,5.0,5.0,cosine,9.148334475703635,50,50,True,[512],,,,
frozen_backbone,age_knn,10.0,10.0,euclidean,8.926352948359,50,50,True,[512],,,,
frozen_backbone,age_knn,10.0,10.0,cosine,8.894464024278271,50,50,True,[512],,,,
frozen_backbone,age_knn,20.0,20.0,euclidean,8.91525325578219,50,50,True,[512],,,,
frozen_backbone,age_knn,20.0,20.0,cosine,8.888178040929375,50,50,True,[512],,,,
frozen_backbone,age_knn,50.0,50.0,euclidean,8.967730009320277,50,50,True,[512],,,,
frozen_backbone,age_knn,50.0,50.0,cosine,8.943202793441626,50,50,True,[512],,,,
frozen_backbone,age_knn,1.0,1.0,euclidean,11.486988847583643,100,100,False,[512],,,,
frozen_backbone,age_knn,1.0,1.0,cosine,11.366028024020588,100,100,False,[512],,,,
frozen_backbone,age_knn,3.0,3.0,euclidean,9.498451796067494,100,100,False,[512],,,,
frozen_backbone,age_knn,3.0,3.0,cosine,9.45028606328342,100,100,False,[512],,,,
frozen_backbone,age_knn,5.0,5.0,euclidean,9.24286066225886,100,100,False,[512],,,,
frozen_backbone,age_knn,5.0,5.0,cosine,8.952498399302737,100,100,False,[512],,,,
frozen_backbone,age_knn,10.0,10.0,euclidean,9.064686580914167,100,100,False,[512],,,,
frozen_backbone,age_knn,10.0,10.0,cosine,8.791344842725332,100,100,False,[512],,,,
frozen_backbone,age_knn,20.0,20.0,euclidean,9.02068408133351,100,100,False,[512],,,,
frozen_backbone,age_knn,20.0,20.0,cosine,8.759589554789969,100,100,False,[512],,,,
frozen_backbone,age_knn,50.0,50.0,euclidean,9.246849535076901,100,100,False,[512],,,,
frozen_backbone,age_knn,50.0,50.0,cosine,8.811691879737424,100,100,False,[512],,,,
frozen_backbone,age_knn,1.0,1.0,euclidean,11.366028024020588,100,100,True,[512],,,,
frozen_backbone,age_knn,1.0,1.0,cosine,11.366028024020588,100,100,True,[512],,,,
frozen_backbone,age_knn,3.0,3.0,euclidean,9.475078105173539,100,100,True,[512],,,,
frozen_backbone,age_knn,3.0,3.0,cosine,9.450286007628172,100,100,True,[512],,,,
frozen_backbone,age_knn,5.0,5.0,euclidean,8.982304730724191,100,100,True,[512],,,,
frozen_backbone,age_knn,5.0,5.0,cosine,8.952498317801252,100,100,True,[512],,,,
frozen_backbone,age_knn,10.0,10.0,euclidean,8.823009802141645,100,100,True,[512],,,,
frozen_backbone,age_knn,10.0,10.0,cosine,8.791344882351536,100,100,True,[512],,,,
frozen_backbone,age_knn,20.0,20.0,euclidean,8.788072892447087,100,100,True,[512],,,,
frozen_backbone,age_knn,20.0,20.0,cosine,8.75958957943263,100,100,True,[512],,,,
frozen_backbone,age_knn,50.0,50.0,euclidean,8.834444774541774,100,100,True,[512],,,,
frozen_backbone,age_knn,50.0,50.0,cosine,8.811691903695598,100,100,True,[512],,,,
frozen_backbone,gender_knn,1.0,1.0,euclidean,,10,10,False,[512],0.7425933501421935,,,
frozen_backbone,gender_knn,1.0,1.0,cosine,,10,10,False,[512],0.7432361382627086,,,
frozen_backbone,gender_knn,3.0,3.0,euclidean,,10,10,False,[512],0.7650870009296008,,,
frozen_backbone,gender_knn,3.0,3.0,cosine,,10,10,False,[512],0.7703602563547849,,,
frozen_backbone,gender_knn,5.0,5.0,euclidean,,10,10,False,[512],0.7746455651225329,,,
frozen_backbone,gender_knn,5.0,5.0,cosine,,10,10,False,[512],0.7798924337839734,,,
frozen_backbone,gender_knn,10.0,10.0,euclidean,,10,10,False,[512],0.7839930352055151,,,
frozen_backbone,gender_knn,10.0,10.0,cosine,,10,10,False,[512],0.7895924375862896,,,
frozen_backbone,gender_knn,20.0,20.0,euclidean,,10,10,False,[512],0.7905972652168041,,,
frozen_backbone,gender_knn,20.0,20.0,cosine,,10,10,False,[512],0.7883406232914161,,,
frozen_backbone,gender_knn,50.0,50.0,euclidean,,10,10,False,[512],0.7881105176001353,,,
frozen_backbone,gender_knn,50.0,50.0,cosine,,10,10,False,[512],0.7901486902331607,,,
frozen_backbone,gender_knn,1.0,1.0,euclidean,,10,10,True,[512],0.7432361382627086,,,
frozen_backbone,gender_knn,1.0,1.0,cosine,,10,10,True,[512],0.7432361382627086,,,
frozen_backbone,gender_knn,3.0,3.0,euclidean,,10,10,True,[512],0.7704394166460162,,,
frozen_backbone,gender_knn,3.0,3.0,cosine,,10,10,True,[512],0.7703602563547849,,,
frozen_backbone,gender_knn,5.0,5.0,euclidean,,10,10,True,[512],0.7811442480788469,,,
frozen_backbone,gender_knn,5.0,5.0,cosine,,10,10,True,[512],0.7798924337839734,,,
frozen_backbone,gender_knn,10.0,10.0,euclidean,,10,10,True,[512],0.790165571206239,,,
frozen_backbone,gender_knn,10.0,10.0,cosine,,10,10,True,[512],0.7895924375862896,,,
frozen_backbone,gender_knn,20.0,20.0,euclidean,,10,10,True,[512],0.7872471295790049,,,
frozen_backbone,gender_knn,20.0,20.0,cosine,,10,10,True,[512],0.7883406232914161,,,
frozen_backbone,gender_knn,50.0,50.0,euclidean,,10,10,True,[512],0.7906426635618788,,,
frozen_backbone,gender_knn,50.0,50.0,cosine,,10,10,True,[512],0.7901486902331607,,,
frozen_backbone,gender_knn,1.0,1.0,euclidean,,25,25,False,[512],0.741835509176038,,,
frozen_backbone,gender_knn,1.0,1.0,cosine,,25,25,False,[512],0.7480344319405055,,,
frozen_backbone,gender_knn,3.0,3.0,euclidean,,25,25,False,[512],0.7684392671756526,,,
frozen_backbone,gender_knn,3.0,3.0,cosine,,25,25,False,[512],0.7740291637657616,,,
frozen_backbone,gender_knn,5.0,5.0,euclidean,,25,25,False,[512],0.7821153137632049,,,
frozen_backbone,gender_knn,5.0,5.0,cosine,,25,25,False,[512],0.7845661688254645,,,
frozen_backbone,gender_knn,10.0,10.0,euclidean,,25,25,False,[512],0.7989040151148628,,,
frozen_backbone,gender_knn,10.0,10.0,cosine,,25,25,False,[512],0.7955084811319889,,,
frozen_backbone,gender_knn,20.0,20.0,euclidean,,25,25,False,[512],0.8035777501563539,,,
frozen_backbone,gender_knn,20.0,20.0,cosine,,25,25,False,[512],0.8024747506532772,,,
frozen_backbone,gender_knn,50.0,50.0,euclidean,,25,25,False,[512],0.8060644977730227,,,
frozen_backbone,gender_knn,50.0,50.0,cosine,,25,25,False,[512],0.7998655750085553,,,
frozen_backbone,gender_knn,1.0,1.0,euclidean,,25,25,True,[512],0.7480344319405055,,,
frozen_backbone,gender_knn,1.0,1.0,cosine,,25,25,True,[512],0.7480344319405055,,,
frozen_backbone,gender_knn,3.0,3.0,euclidean,,25,25,True,[512],0.7734296433820684,,,
frozen_backbone,gender_knn,3.0,3.0,cosine,,25,25,True,[512],0.7740291637657616,,,
frozen_backbone,gender_knn,5.0,5.0,euclidean,,25,25,True,[512],0.7836668882499249,,,
frozen_backbone,gender_knn,5.0,5.0,cosine,,25,25,True,[512],0.7845661688254645,,,
frozen_backbone,gender_knn,10.0,10.0,euclidean,,25,25,True,[512],0.7943094403646028,,,
frozen_backbone,gender_knn,10.0,10.0,cosine,,25,25,True,[512],0.7955084811319889,,,
frozen_backbone,gender_knn,20.0,20.0,euclidean,,25,25,True,[512],0.801901617033328,,,
frozen_backbone,gender_knn,20.0,20.0,cosine,,25,25,True,[512],0.8024747506532772,,,
frozen_backbone,gender_knn,50.0,50.0,euclidean,,25,25,True,[512],0.7996449751079399,,,
frozen_backbone,gender_knn,50.0,50.0,cosine,,25,25,True,[512],0.7998655750085553,,,
frozen_backbone,gender_knn,1.0,1.0,euclidean,,50,50,False,[512],0.7505813282670747,,,
frozen_backbone,gender_knn,1.0,1.0,cosine,,50,50,False,[512],0.7585450502364648,,,
frozen_backbone,gender_knn,3.0,3.0,euclidean,,50,50,False,[512],0.7798037677020767,,,
frozen_backbone,gender_knn,3.0,3.0,cosine,,50,50,False,[512],0.7793984604552553,,,
frozen_backbone,gender_knn,5.0,5.0,euclidean,,50,50,False,[512],0.8000048840096867,,,
frozen_backbone,gender_knn,5.0,5.0,cosine,,50,50,False,[512],0.7960816147519383,,,
frozen_backbone,gender_knn,10.0,10.0,euclidean,,50,50,False,[512],0.8054987393354862,,,
frozen_backbone,gender_knn,10.0,10.0,cosine,,50,50,False,[512],0.7999521104821993,,,
frozen_backbone,gender_knn,20.0,20.0,euclidean,,50,50,False,[512],0.8101197008494898,,,
frozen_backbone,gender_knn,20.0,20.0,cosine,,50,50,False,[512],0.8018752302695842,,,
frozen_backbone,gender_knn,50.0,50.0,euclidean,,50,50,False,[512],0.8119013810274908,,,
frozen_backbone,gender_knn,50.0,50.0,cosine,,50,50,False,[512],0.8008608968484043,,,
frozen_backbone,gender_knn,1.0,1.0,euclidean,,50,50,True,[512],0.7585450502364648,,,
frozen_backbone,gender_knn,1.0,1.0,cosine,,50,50,True,[512],0.7585450502364648,,,
frozen_backbone,gender_knn,3.0,3.0,euclidean,,50,50,True,[512],0.7785255666434594,,,
frozen_backbone,gender_knn,3.0,3.0,cosine,,50,50,True,[512],0.7793984604552553,,,
frozen_backbone,gender_knn,5.0,5.0,euclidean,,50,50,True,[512],0.7952087209401424,,,
frozen_backbone,gender_knn,5.0,5.0,cosine,,50,50,True,[512],0.7960816147519383,,,
frozen_backbone,gender_knn,10.0,10.0,euclidean,,50,50,True,[512],0.7984796962867104,,,
frozen_backbone,gender_knn,10.0,10.0,cosine,,50,50,True,[512],0.7999521104821993,,,
frozen_backbone,gender_knn,20.0,20.0,euclidean,,50,50,True,[512],0.8004555896015828,,,
frozen_backbone,gender_knn,20.0,20.0,cosine,,50,50,True,[512],0.8018752302695842,,,
frozen_backbone,gender_knn,50.0,50.0,euclidean,,50,50,True,[512],0.801486803995841,,,
frozen_backbone,gender_knn,50.0,50.0,cosine,,50,50,True,[512],0.8008608968484043,,,
frozen_backbone,gender_knn,1.0,1.0,euclidean,,100,100,False,[512],0.7641349468265737,,,
frozen_backbone,gender_knn,1.0,1.0,cosine,,100,100,False,[512],0.7488714331978923,,,
frozen_backbone,gender_knn,3.0,3.0,euclidean,,100,100,False,[512],0.783913874914284,,,
frozen_backbone,gender_knn,3.0,3.0,cosine,,100,100,False,[512],0.7893623318950089,,,
frozen_backbone,gender_knn,5.0,5.0,euclidean,,100,100,False,[512],0.7940719594909091,,,
frozen_backbone,gender_knn,5.0,5.0,cosine,,100,100,False,[512],0.7967434144537842,,,
frozen_backbone,gender_knn,10.0,10.0,euclidean,,100,100,False,[512],0.8054290848349205,,,
frozen_backbone,gender_knn,10.0,10.0,cosine,,100,100,False,[512],0.8040263251399973,,,
frozen_backbone,gender_knn,20.0,20.0,euclidean,,100,100,False,[512],0.8151987431378025,,,
frozen_backbone,gender_knn,20.0,20.0,cosine,,100,100,False,[512],0.8067336726572816,,,
frozen_backbone,gender_knn,50.0,50.0,euclidean,,100,100,False,[512],0.8099877670307712,,,
frozen_backbone,gender_knn,50.0,50.0,cosine,,100,100,False,[512],0.8051029378793302,,,
frozen_backbone,gender_knn,1.0,1.0,euclidean,,100,100,True,[512],0.7488714331978923,,,
frozen_backbone,gender_knn,1.0,1.0,cosine,,100,100,True,[512],0.7488714331978923,,,
frozen_backbone,gender_knn,3.0,3.0,euclidean,,100,100,True,[512],0.788489438083213,,,
frozen_backbone,gender_knn,3.0,3.0,cosine,,100,100,True,[512],0.7893623318950089,,,
frozen_backbone,gender_knn,5.0,5.0,euclidean,,100,100,True,[512],0.7961702808338349,,,
frozen_backbone,gender_knn,5.0,5.0,cosine,,100,100,True,[512],0.7967434144537842,,,
frozen_backbone,gender_knn,10.0,10.0,euclidean,,100,100,True,[512],0.8025539109445085,,,
frozen_backbone,gender_knn,10.0,10.0,cosine,,100,100,True,[512],0.8040263251399973,,,
frozen_backbone,gender_knn,20.0,20.0,euclidean,,100,100,True,[512],0.8061605390373322,,,
frozen_backbone,gender_knn,20.0,20.0,cosine,,100,100,True,[512],0.8067336726572816,,,
frozen_backbone,gender_knn,50.0,50.0,euclidean,,100,100,True,[512],0.8045561910231247,,,
frozen_backbone,gender_knn,50.0,50.0,cosine,,100,100,True,[512],0.8051029378793302,,,
frozen_backbone,age_kernel,,,,10.676259019163103,10,10,False,[512],,0.25,4.495710984297835,
frozen_backbone,age_kernel,,,,12.84408411400802,10,10,False,[512],,0.5,8.99142196859567,
frozen_backbone,age_kernel,,,,14.386487815287554,10,10,False,[512],,1.0,17.98284393719134,
frozen_backbone,age_kernel,,,,14.880580867840008,10,10,False,[512],,2.0,35.96568787438268,
frozen_backbone,age_kernel,,,,15.021488208000541,10,10,False,[512],,4.0,71.93137574876536,
frozen_backbone,age_kernel,,,,10.448169944648635,10,10,True,[512],,0.25,0.35311256072180347,
frozen_backbone,age_kernel,,,,13.020324053917292,10,10,True,[512],,0.5,0.7062251214436069,
frozen_backbone,age_kernel,,,,14.507487566177614,10,10,True,[512],,1.0,1.4124502428872139,
frozen_backbone,age_kernel,,,,14.928972570797557,10,10,True,[512],,2.0,2.8249004857744278,
frozen_backbone,age_kernel,,,,15.035535052018608,10,10,True,[512],,4.0,5.6498009715488555,
frozen_backbone,age_kernel,,,,10.825739975342854,25,25,False,[512],,0.25,5.49462704792865,
frozen_backbone,age_kernel,,,,13.343300076992804,25,25,False,[512],,0.5,10.9892540958573,
frozen_backbone,age_kernel,,,,14.569898653298349,25,25,False,[512],,1.0,21.9785081917146,
frozen_backbone,age_kernel,,,,14.932881349631565,25,25,False,[512],,2.0,43.9570163834292,
frozen_backbone,age_kernel,,,,15.03524026948414,25,25,False,[512],,4.0,87.9140327668584,
frozen_backbone,age_kernel,,,,10.318153320766381,25,25,True,[512],,0.25,0.3538836248615225,
frozen_backbone,age_kernel,,,,13.420859829306451,25,25,True,[512],,0.5,0.707767249723045,
frozen_backbone,age_kernel,,,,14.652445387502237,25,25,True,[512],,1.0,1.41553449944609,
frozen_backbone,age_kernel,,,,14.966818409566399,25,25,True,[512],,2.0,2.83106899889218,
frozen_backbone,age_kernel,,,,15.04497687067363,25,25,True,[512],,4.0,5.66213799778436,
frozen_backbone,age_kernel,,,,11.168406562162964,50,50,False,[512],,0.25,6.137128007156011,
frozen_backbone,age_kernel,,,,13.64372456653747,50,50,False,[512],,0.5,12.274256014312021,
frozen_backbone,age_kernel,,,,14.65437208256998,50,50,False,[512],,1.0,24.548512028624042,
frozen_backbone,age_kernel,,,,14.955733589999614,50,50,False,[512],,2.0,49.097024057248085,
frozen_backbone,age_kernel,,,,15.041117150689352,50,50,False,[512],,4.0,98.19404811449617,
frozen_backbone,age_kernel,,,,10.518763612706685,50,50,True,[512],,0.25,0.35421855594036356,
frozen_backbone,age_kernel,,,,13.67200242908983,50,50,True,[512],,0.5,0.7084371118807271,
frozen_backbone,age_kernel,,,,14.723822545938317,50,50,True,[512],,1.0,1.4168742237614542,
frozen_backbone,age_kernel,,,,14.984956637247036,50,50,True,[512],,2.0,2.8337484475229084,
frozen_backbone,age_kernel,,,,15.049494644308634,50,50,True,[512],,4.0,5.667496895045817,
frozen_backbone,age_kernel,,,,11.479968678274728,100,100,False,[512],,0.25,6.67859111234392,
frozen_backbone,age_kernel,,,,13.847473915439672,100,100,False,[512],,0.5,13.35718222468784,
frozen_backbone,age_kernel,,,,14.707515960036908,100,100,False,[512],,1.0,26.71436444937568,
frozen_backbone,age_kernel,,,,14.969723123153729,100,100,False,[512],,2.0,53.42872889875136,
frozen_backbone,age_kernel,,,,15.044683755191938,100,100,False,[512],,4.0,106.85745779750272,
frozen_backbone,age_kernel,,,,10.74431187142892,100,100,True,[512],,0.25,0.3543267320783013,
frozen_backbone,age_kernel,,,,13.846189377913793,100,100,True,[512],,0.5,0.7086534641566026,
frozen_backbone,age_kernel,,,,14.769946493342488,100,100,True,[512],,1.0,1.4173069283132051,
frozen_backbone,age_kernel,,,,14.996553541790723,100,100,True,[512],,2.0,2.8346138566264103,
frozen_backbone,age_kernel,,,,15.05238034446055,100,100,True,[512],,4.0,5.669227713252821,
frozen_backbone,gender_kernel,,,,,10,10,False,[512],0.7834177709773134,,,0.5
frozen_backbone,gender_kernel,,,,,10,10,False,[512],0.7797139543695826,,,1.0
frozen_backbone,gender_kernel,,,,,10,10,False,[512],0.6673014240329989,,,2.0
frozen_backbone,gender_kernel,,,,,10,10,False,[512],0.7858422392758292,,,scott
frozen_backbone,gender_kernel,,,,,10,10,False,[512],0.7833913842135696,,,silverman
frozen_backbone,gender_kernel,,,,,10,10,True,[512],0.7848996909634676,,,0.5
frozen_backbone,gender_kernel,,,,,10,10,True,[512],0.7876481756093212,,,1.0
frozen_backbone,gender_kernel,,,,,10,10,True,[512],0.7758360834569086,,,2.0
frozen_backbone,gender_kernel,,,,,10,10,True,[512],0.7879859589638295,,,scott
frozen_backbone,gender_kernel,,,,,10,10,True,[512],0.7834800502954662,,,silverman
frozen_backbone,gender_kernel,,,,,25,25,False,[512],0.7574653235312243,,,0.5
frozen_backbone,gender_kernel,,,,,25,25,False,[512],0.7397781610687393,,,1.0
frozen_backbone,gender_kernel,,,,,25,25,False,[512],0.5601706715546098,,,2.0
frozen_backbone,gender_kernel,,,,,25,25,False,[512],0.7718431596985943,,,scott
frozen_backbone,gender_kernel,,,,,25,25,False,[512],0.7738380645947976,,,silverman
frozen_backbone,gender_kernel,,,,,25,25,True,[512],0.7589788748552826,,,0.5
frozen_backbone,gender_kernel,,,,,25,25,True,[512],0.7782531765730116,,,1.0
frozen_backbone,gender_kernel,,,,,25,25,True,[512],0.7227888547554521,,,2.0
frozen_backbone,gender_kernel,,,,,25,25,True,[512],0.773408501192485,,,scott
frozen_backbone,gender_kernel,,,,,25,25,True,[512],0.7703940183009415,,,silverman
frozen_backbone,gender_kernel,,,,,50,50,False,[512],0.7660570832563036,,,0.5
frozen_backbone,gender_kernel,,,,,50,50,False,[512],0.7273539287760606,,,1.0
frozen_backbone,gender_kernel,,,,,50,50,False,[512],0.5488209213930113,,,2.0
frozen_backbone,gender_kernel,,,,,50,50,False,[512],0.7591507985519731,,,scott
frozen_backbone,gender_kernel,,,,,50,50,False,[512],0.7649729314416154,,,silverman
frozen_backbone,gender_kernel,,,,,50,50,True,[512],0.7734391491727339,,,0.5
frozen_backbone,gender_kernel,,,,,50,50,True,[512],0.7816128180014763,,,1.0
frozen_backbone,gender_kernel,,,,,50,50,True,[512],0.6890372338542506,,,2.0
frozen_backbone,gender_kernel,,,,,50,50,True,[512],0.7795356388481341,,,scott
frozen_backbone,gender_kernel,,,,,50,50,True,[512],0.7788569581732099,,,silverman
frozen_backbone,gender_kernel,,,,,100,100,False,[512],0.7677617337513258,,,0.5
frozen_backbone,gender_kernel,,,,,100,100,False,[512],0.7224881112059505,,,1.0
frozen_backbone,gender_kernel,,,,,100,100,False,[512],0.550214175297269,,,2.0
frozen_backbone,gender_kernel,,,,,100,100,False,[512],0.7402785262222152,,,scott
frozen_backbone,gender_kernel,,,,,100,100,False,[512],0.7469112736055005,,,silverman
frozen_backbone,gender_kernel,,,,,100,100,True,[512],0.7858011021472597,,,0.5
frozen_backbone,gender_kernel,,,,,100,100,True,[512],0.7827685910320404,,,1.0
frozen_backbone,gender_kernel,,,,,100,100,True,[512],0.66529701334613,,,2.0
frozen_backbone,gender_kernel,,,,,100,100,True,[512],0.7820561484109596,,,scott
frozen_backbone,gender_kernel,,,,,100,100,True,[512],0.7841639755445506,,,silverman
